{"best_model": "RandomForest", "params": {"best_params": {"max_depth": null, "max_features": "sqrt", "min_samples_leaf": 1, "n_estimators": 100}, "best_cv_score": 0.924743935666465}, "test_metrics": {"accuracy": 0.8905555555555555, "f1": 0.7555831265508685, "roc_auc": 0.9261519146264909}}