{"best_model": "HistGradientBoosting", "params": {"best_params": {"learning_rate": 0.1, "max_depth": 5, "max_iter": 100}, "best_cv_score": 0.9243625952380713}, "test_metrics": {"accuracy": 0.8991666666666667, "f1": 0.7878433664523671, "roc_auc": 0.9234276945764704}}