{"Dummy": {"accuracy": 0.7375, "f1": 0.0, "roc_auc": 0.5}, "LogisticRegression": {"accuracy": 0.8119444444444445, "f1": 0.5606748864373783, "roc_auc": 0.7976914875596609}, "DecisionTree": {"accuracy": 0.8383333333333334, "f1": 0.6576470588235294, "roc_auc": 0.8371031995137457}, "RandomForest": {"accuracy": 0.8661111111111112, "f1": 0.6845549738219895, "roc_auc": 0.9139991430763558}, "HistGradientBoosting": {"accuracy": 0.8991666666666667, "f1": 0.7878433664523671, "roc_auc": 0.9234276945764704}}