{"Dummy": {"accuracy": 0.7375, "f1": 0.0, "roc_auc": 0.5}, "LogisticRegression": {"accuracy": 0.8119444444444445, "f1": 0.5606748864373783, "roc_auc": 0.7976914875596609}, "DecisionTree": {"accuracy": 0.8197222222222222, "f1": 0.6134603930911257, "roc_auc": 0.8339469305194354}, "RandomForest": {"accuracy": 0.8905555555555555, "f1": 0.7555831265508685, "roc_auc": 0.9261519146264909}, "HistGradientBoosting": {"accuracy": 0.8991666666666667, "f1": 0.7878433664523671, "roc_auc": 0.9234276945764704}}